"","min_x","mlogx","slogx","min_x.1","mlogx.1","slogx.1","min_x.2","mlogx.2","slogx.2","min_x.3","mlogx.3","slogx.3","min_x.4","mlogx.4","slogx.4","min_x.5","mlogx.5","slogx.5","min_x.6","mlogx.6","slogx.6","min_x.7","mlogx.7","slogx.7","min_x.8","mlogx.8","slogx.8"
"1",2.689516025,1.29976920929322,0.178222173523274,0.009,-0.50241480225151,0.434610143231623,0.38,0.956140387596648,0.25297228011871,2.094693443,1.24025449473054,0.235826924287657,0.007,-0.384055794298381,0.400815270168671,0.0784,-0.489535611542581,0.247191719255139,2.49723027,1.91336319785511,0.483615626854331,0.008390413,-0.68373359494273,0.314220421424017,0.048507914,-0.419432772948622,0.172014898318755
